,stopword
0,??
1,??
2,?꾩씠援?
3,?꾩씠荑?
4,?꾩씠怨?
5,??
6,??
7,?곕━
8,???
9,?곕씪
10,?섑빐
11,??
12,瑜?
13,??
14,??
15,媛
16,?쇰줈
17,濡?
18,?먭쾶
19,肉먯씠??
20,?섍굅?섏뿬
21,洹쇨굅?섏뿬
22,?낃컖?섏뿬
23,湲곗??쇰줈
24,?덊븯硫?
25,?덈?
26,?ㅻ㈃
27,?ㅼ옄硫?
28,?
29,?뚯씤
30,?뚯깮
31,吏留먭퀬
32,?섏?留?
33,?섏?留덈씪
34,?ㅻⅨ
35,臾쇰줎
36,?먰븳
37,洹몃━怨?
38,鍮꾧만??
39,?녿떎
40,?댁꽌??
41,?덈맂??
42,肉먮쭔
43,?꾨땲??
44,留뚯씠
45,?꾨땲??
46,留뚯?
47,留됰줎?섍퀬
48,愿怨꾩뾾??
49,洹몄튂吏
50,?딅떎
51,洹몃윭??
52,洹몃윴??
53,?섏?留?
54,?좉컙??
55,?쇳븯吏
56,?곗?吏
57,?ㅼ궗
58,鍮꾨줉
59,?붾씪??
60,?꾨땲硫?
61,留?
62,紐삵븯??
63,?섎뒗
64,?몄씠
65,?ル떎
66,遺덈Ц?섍퀬
67,?ν븯??
68,?ν빐??
69,?ν븯??
70,履쎌쑝濡?
71,?덊?
72,?댁슜?섏뿬
73,???
74,?ㅻⅤ??
75,?쒖쇅?섍퀬
76,??
77,?몄뿉
78,諛뽰뿉
79,?섏뿬??
80,鍮꾨줈??
81,?쒕떎硫?
82,紐곕씪??
83,?몄뿉??
84,?닿납
85,?ш린
86,遺??
87,湲곗젏?쇰줈
88,?곕씪??
89,??
90,?앷컖?대떎
91,?섎젮怨좏븯??
92,?대━?섏뿬
93,洹몃━?섏뿬
94,洹몃젃寃?
95,?⑥쑝濡쒖뜥
96,?쇰븣
97,?좊븣
98,?욎뿉??
99,以묒뿉??
100,蹂대뒗?곗꽌
101,?쇰줈??
102,濡쒖뜥
103,源뚯?
104,?댁빞?쒕떎
105,?쇨쾬?대떎
106,諛섎뱶??
107,?좎쨪?뚮떎
108,?좎닔?덈떎
109,?좎닔?덉뼱
110,?꾩뿉
111,?由쇱뾾??
112,??
113,?깅벑
114,??
115,寃⑥슦
116,?⑥?
117,?ㅻ쭔
118,?좊퓧
119,?⑸룞
120,?뺢렇
121,??댁꽌
122,??섏뿬
123,??섎㈃
124,?⑥뵮
125,?쇰쭏??
126,?쇰쭏留뚰겮
127,?쇰쭏??
128,?⑥쭞
129,??
130,?쇰쭏媛?
131,?쎄컙
132,?ㅼ냼
133,醫
134,議곌툑
135,?ㅼ닔
136,紐?
137,?쇰쭏
138,吏留?
139,?섎Ъ硫?
140,洹몃젃吏留?
141,?댁쇅?먮룄
142,???
143,留먰븯?먮㈃
144,?ㅼ쓬??
145,諛섎?濡?
146,?댁?
147,諛붽씀?댁꽌
148,留먰븯硫?
149,留뚯빟
150,洹몃젃吏?딆쑝硫?
151,源뚯븙
152,??
153,??
154,?먭굇嫄곕━??
155,蹂대뱶??
156,鍮꾧굇嫄곕━??
157,苑덈떦
158,?묐떦
159,媛??
160,媛?
161,媛곴컖
162,?щ윭遺?
163,媛곸쥌
164,媛곸옄
165,?쒓컖湲?
166,?섎룄濡앺븯??
167,?
168,怨?
169,洹몃윭誘濡?
170,洹몃옒??
171,怨좊줈
172,??
173,源뚮떗??
174,?섍린
175,?뚮Ц??
176,嫄곕땲?
177,?댁?留?
178,愿?섏뿬
179,愿??
180,怨쇱뿰
181,?ㅻ줈
182,?꾨땲?섎떎瑜쇨?
183,?앷컖?쒕?濡?
184,吏꾩쭨濡?
185,?쒖쟻?댁엳??
186,?섍낀?섏???
187,??
188,?섑븯
189,?덊뿀
190,?꾪븯
191,嫄곕컮
192,??
193,??
194,?댁㎏??
195,臾댁뾿?뚮Ц??
196,?댁컡
197,?섍쿋?붽?
198,臾댁뒯
199,?대뵒
200,?대뒓怨?
201,?붽뎔?ㅻ굹
202,?붿슧?대뒗
203,?대뒓??
204,?몄젣
205,??
206,?대킄
207,?댁씠
208,?щ낫?쒖삤
209,?먰쓲
210,??
211,?됲뿁
212,?먮뼞?먮뼞
213,?곸감
214,?ъ감
215,?닿린?ъ감
216,?숇걲
217,?꾩빞
218,??
219,肄몄슛
220,議몄「
221,醫띿쥗
222,?앸슍
223,二쇰）二쇰）
224,??
225,?곕Ⅴ瑜?
226,洹몃옒??
227,??
228,諛붽씀?대쭚?섎㈃
229,諛붽씀?대쭚?섏옄硫?
230,?뱀?
231,?뱀떆
232,?듬떎
233,諛?
234,洹몄뿉
235,?곕Ⅴ??
236,?뚭?
237,?섏뼱
238,利?
239,吏?좎?
240,?ㅻ졊
241,媛??
242,?섎뜑?쇰룄
243,?좎??쇰룄
244,?쇱??쇰룄
245,嫄곗쓽
246,?섎쭏?곕㈃
247,?몄젨
248,?댁젨
249,?쒕컮?먯빞
250,?쒖씠??
251,留뚰겮
252,?댁컡?뤿뱺
253,洹몄쐞??
254,寃뚮떎媛
255,?먯뿉??
256,蹂댁븘
257,鍮꾩텛??
258,怨좊젮?섎㈃
259,?섍쾶?좉쾬?대떎
260,鍮꾧탳??
261,蹂대떎??
262,鍮꾪븯硫?
263,?쒗궎??
264,?섍쾶?섎떎
265,?좊쭔?섎떎
266,?섑빐??
267,?곗씠??
268,?댁뼱??
269,?뉖뵲??
270,?ㅻ뵲??
271,?ㅼ씠??
272,寃곌뎅
273,?섏??섏뿬
274,湲곕???
275,?듯븯??
276,?먮쭏??
277,?붿슧??
278,遺덇뎄?섍퀬
279,?쇰쭏?좎?
280,留덉쓬?濡?
281,二쇱??섏?
282,?딄퀬
283,怨?
284,利됱떆
285,諛붾줈
286,?뱀옣
287,?섏옄留덉옄
288,?섎㈃?쒕떎
289,洹몃옒
290,洹몃젃吏
291,?붿빻?
292,?ㅼ떆
293,諛붽퓭
294,援ъ껜?곸쑝濡?
295,?쒖옉?섏뿬
296,?쒖큹??
297,?댁긽
298,??
299,??
300,?덇굇
301,諛붿?媛숈씠
302,?대룄醫뗫떎
303,?대룄?쒕떎
304,?붽뎄??
305,?瑜대Ⅴ
306,??
307,??
308,?꾨쟻
309,?숈븞
310,?대옒
311,?섍퀬?덉뿀??
312,?댁뿀??
313,?먯꽌
314,濡쒕???
315,?덉뼱??
316,?댁슂
317,?④퍡
318,媛숈씠
319,?붾텋??
320,留덉?
321,留덉???
322,?묒옄
323,紐⑤몢
324,?듬땲??
325,媛源뚯뒪濡?
326,利덉쓬?섏뿬
327,諛⑸㈃?쇰줈
328,?대킄??
329,?듬땲源?
330,留먰븷寃껊룄
331,?녾퀬
332,臾대쫷?곌퀬
333,媛쒖쓽移섏븡怨?
334,?섎뒗寃껊쭔
335,?섎뒗寃껋씠
336,留?
337,留ㅻ쾲
338,??
339,紐?
340,?대뒓寃?
341,?대뒓
342,媛뽮퀬留먰븯?먮㈃
343,?대뒓履?
344,?대뒓??
345,?꾨룄
346,??
347,?대룄
348,?몄젨媛
349,?대뼡寃?
350,?湲?
351,?履?
352,?寃?
353,洹몃븣
354,洹몃읆
355,洹몃윭硫?
356,?붾쭔?쒓구
357,?寃껊쭔??
358,洹몄?
359,?대Ⅴ湲곌퉴吏
360,以?
361,?덈떎
362,?덈떎
363,??
364,?덊씗
365,?뱀떊
366,?ㅻ쭏
367,李⑤씪由?
368,?좎??몄젙
369,?좊쭩??
370,援ы넗?섎떎
371,寃뚯슦??
372,?좏븯??
373,硫붿벐寃곷떎
374,?놁궗??
375,??
376,爾?
377,?낆뼱
378,洹?
379,?ㅼ쓬
380,踰꾧툑
381,?먮쾲吏몃줈
382,湲고?
383,泥ル쾲吏몃줈
384,?섎㉧吏??
385,洹몄쨷?먯꽌
386,寃ъ??먯꽌
387,?뺤떇?쇰줈
388,?곗뿬
389,?낆옣?먯꽌
390,?꾪빐??
391,?섑빐?섎떎
392,?섎룄濡앹떆?ㅻ떎
393,肉먮쭔?꾨땲??
394,?꾪썑
395,?꾩옄
396,?욎쓽寃?
397,?좎떆
398,?좉퉸
399,?섎㈃??
400,洹몃윭?쒖쫱
401,洹몃윴利?
402,?⑤뱾
403,?꾨Т嫄곕굹
404,?댁컡?섎뱺吏
405,媛숇떎
406,鍮꾩듂?섎떎
407,?덉빻?
408,?대윺?뺣룄濡?
409,?대뼸寃?
410,留뚯씪
411,?꾩뿉??
412,?쒖닠?쒕컮?媛숈씠
413,??
414,??븯??
415,?섏?
416,?딅뒗?ㅻ㈃
417,留뚯빟??
418,臾댁뾿
419,?대뼡
420,?꾨옒??
421,議곗감
422,?쒕뜲
423,洹몃읆?먮룄
424,?ъ쟾
425,?ъ???
426,源뚯???
427,議곗감??
428,?딅룄濡?
429,?딄린
430,?꾪븯??
431,??
432,?쒓컖
433,臾대졄
434,?쒓컙
435,?대븣
436,?대뼚??
437,?섏뿬湲?
438,??
439,??
440,?곗꽑
441,?꾧뎄
442,?꾧?
443,?뚭쿋?붽?
444,?꾨Т??
445,以꾩?紐⑤Ⅸ??
446,以꾩?
447,紐곕옃??
448,源??
449,寃몄궗寃몄궗
450,?섎뒗諛?
451,洹몃윴
452,?댁쑀??
453,洹몃윭??
454,洹몃윭?덇퉴
455,洹몃뱾
456,?덊씗??
457,???
458,寃?
459,寃껊뱾
460,怨듬룞?쇰줈
461,?숈떆??
462,?댁컡?섏뿬
463,遺뺣텞
464,?숈쐷
465,?됱뿁
466,?섏씡
467,?ㅽ샇
468,?댁쮮??
469,?섍린蹂대떎??
470,??쇰떎
471,?곷??곸쑝濡?
472,留덉튂
473,?꾨땲?쇰㈃
474,??
475,?딆쑝硫?
476,?딅떎硫?
477,??
478,?꾨땲?덈떎硫?
479,?섎뱺吏
480,?대씪硫?
481,醫뗭븘
482,?뚯븯??
483,?섎뒗寃껊룄
484,洹몃쭔?대떎
485,?댁찓??
486,?섎굹
487,??
488,?쇰컲?곸쑝濡?
489,?쇰떒
490,?쒖폖?쇰줈??
491,?ㅼ옄留덉옄
492,?대젃寃뚮릺硫?
493,?댁?媛숇떎硫?
494,?꾨?
495,?쒕쭏??
496,?쒗빆紐?
497,洹쇨굅濡?
498,?섍린??
499,?꾩슱??
500,?섎떎
501,?명븯??
502,源뚮떗?쇰줈
503,?댁쑀留뚯쑝濡?
504,?대줈
505,??
506,??
507,寃곕줎??
508,??
509,愿怨꾧?
510,愿?⑥씠
511,?곌??섎떎
512,?대뼡寃껊뱾
513,?щ?
514,?섎뒓??
515,?섎㈃
516,?좎닔濡?
517,?댁슫
518,?대윭?대윭?섎떎
519,?섍뎄??
520,?섎룄??
521,?ㅼ떆留먰븯硫?
522,?ㅼ쓬?쇰줈
523,?щ젮
524,?곕━??
525,??
526,?섍린?뷀븳??
527,?대뼸??
528,?댁컡?륁뼱
529,蹂몃?濡?
530,??
531,?댁そ
532,?닿쾬
533,?대쾲
534,?대젃寃뚮쭚?섏옄硫?
535,?대윴
536,?대윭??
537,媛숈?
538,?붾쭔??
539,?붾쭔??
540,?섎뒗
541,?대쭔??
542,?뺣룄??
543,?대젃寃?
544,留롮?
545,?대븣
546,?대젃援щ굹
547,寃껉낵
548,?쇱씡
549,?먭굇
550,?곗쐞
551,?щ엺??
552,遺瑜섏쓽
553,?쒕깘?섎㈃
554,以묒쓽?섎굹
555,?ㅼ쭅
556,?ㅻ줈吏
557,?쒗븯??
558,?섍린留?
559,?꾩갑?섎떎
560,誘몄튂??
561,?꾨떖?섎떎
562,?뺣룄??
563,?대Ⅴ??
564,吏寃쎌씠??
565,寃곌낵??
566,愿?댁꽌??
567,?섍퀬
568,??
569,?쇱옄
570,?먭린
571,?먭린吏?
572,?먯떊
573,?곗뿉
574,醫낇빀?쒓쾬怨쇨컳??
575,珥앹쟻?쇰줈
576,蹂대㈃
577,?濡?
578,?섎떎
579,?쇰줈??
580,李?
581,?곕쫫?대떎
582,荑?
583,?뺥깢
584,苡낆푷
585,?λ뫁
586,遊?
587,遊먮씪
588,?꾩씠??
589,?꾨땲
590,???
591,??
592,?꾩씠
593,李몃굹
594,??
595,??
596,??
597,??
598,??
599,??
600,??
601,瑜?
602,移?
603,??
604,援?
605,?댁쿇??
606,?댁쿇移?
607,?댁쿇??
608,?댁쿇援?
609,??
610,??
611,??
612,?ㅼ꽢
613,?ъ꽢
614,?쇨낢
615,?щ뜜
616,?꾪솄
617,?대떎
618,蹂대떎
619,蹂닿린
620,?덈뒗
621,?쒕떎
622,?낅땲??
623,?섎ŉ
624,?뺣쭚
625,蹂닿퀬
626,?녿뒗
627,?섍퀬
628,?⑸땲??
629,?섍쾶
630,?꾨땶
631,?꾪빐
632,?섎?
633,?덉뒿?덈떎
634,?ъ떎
635,?덈떎
636,?앷컖
637,?щ엺
638,???
639,?덈뜕
640,?뚮Ц
641,??떆
642,?덉뒿?덈떎
643,?댁꽌
644,?덉?留?
645,?댄썑
646,?쒕떎
647,?덉?留?
648,濡쒖꽌
649,?⑸땲??
650,洹멸쾬
651,?쒕쾲
652,?덈뒗??
653,???
654,?꾨Т
655,諛쏆?
656,?덈떎怨?
657,援됱옣??
658,?덉쑝??
659,?덉뼱??
660,?놁뼱
661,?덈떎??
662,媛숈븘??
663,媛숈???
664,?띾땲
665,?꾩쟾
666,?덉옏??
667,?댁젣
668,洹몃룞??
669,?놁뿀?붾뜲
670,?붿쬁
671,?덉뿀??
672,?щ??덉쓣
673,媛숈븯?붾뜲
674,?쒕?濡?
675,?놁쓣
676,洹몃깷
677,?덉뿀?붾뜲?꾩쟾
678,洹멸쾶
679,?꾨땲?쇱꽌
680,?꾨쭏
681,鍮꾩듂?덈떎媛
682,蹂댁떆
683,萸붽?
684,?놁?留?
685,?덉쓣嫄곗뿉??
686,?덈뒗??
687,?섏쨷
688,?녾린
689,?녿뒗??
690,?異?
691,?덈떎??
692,?덉뿀?댁슂
693,?ㅼ떆湲?
694,以묒슂?섍린
695,?댁빞湲?
696,?덈뒗嫄?
697,?덇퀬
698,?덈??섎㈃
699,?덈릺?뽰븘??
700,???
701,?녿뜕
702,?꾨옒
703,吏湲?
704,蹂?섎㈃??
705,?덉쓣源?
706,??⑦븯?ㅺ퀬
707,留롮?
708,?덇쿋?듬땲??
709,?뱀쑀
710,?꾨땲?덉쓣源?
711,?덉뼱??
712,?꾨땲?덈뒗??
713,?덈릺硫?
714,醫뗭븯?댁슂
715,?곷떦??
716,二쇨린??
717,鍮꾩듂?섍릿
718,媛숈븘??
719,?녿꽕??
720,洹몃젃湲?
721,洹몃젃怨?
722,?놁뿀??
723,?꾨땺源?
724,?꾨땲怨?
725,?놁뼱??
726,?덉뿀援щ굹
727,洹몃?
728,?녿떎硫?
729,洹몃젃??
730,?덉쓣寃?
731,?덇뎄??
732,?쇰ŉ
733,?덉뼱
734,?덉뿀?ㅺ퀬
735,?꾧뎔媛
736,?먯젏
737,洹몃젃援ъ슂
738,媛묒옄湲?
739,?꾩뒳?꾩뒳?⑸땲??
740,?닿쾶
741,寃곷땲??
742,?덉쓽
743,媛??
744,?섎뒗
745,?덈Т
746,?딅뒗
747,洹몃뒗
748,洹몃뱾??
749,?щ엺??
750,?딅뒗??
751,?덉쓣
752,?앷컖?쒕떎
753,?대뒗
754,洹몃뱾?
755,?곕━??
756,?앷컖??
757,?닿퀬
758,?꾩＜
759,?곕━媛
760,?뚮Ц?대떎
761,?대씪??
762,?쇱씠
763,?щ엺?ㅼ씠
764,寃껋엯?덈떎
765,?ㅽ엳??
766,蹂댁뿬二쇰뒗
767,紐삵븯??
768,?щ엺?ㅼ?
769,?띿뿉??
770,?뚭퀬
771,留ㅼ슦
772,蹂댁씠??
773,泥섎읆
774,洹몃뱾??
775,蹂대ŉ
776,?곕━??
777,洹몃윭??
778,?댁찈硫?
780,洹멸?
781,?대뱾?
782,?딆쓣
783,?녿떎??
784,?딆쓣源?
785,?덉?
786,?덉쑝硫?
787,洹몃?濡?
